{
    "precision": 0.9113924050632911,
    "recall": 0.8323699421965318,
    "f1": 0.8700906344410876
}